{
  "Precision@1": 0.4222222222222222,
  "Recall@1": 0.4222222222222222,
  "nDCG@1": 0.4222222222222222,
  "Precision@5": 0.4488888888888888,
  "Recall@5": 0.6,
  "nDCG@5": 0.520226067927714,
  "mAP": 0.4963012896207633
}